DROP TABLE IF EXISTS "ADDRESS";
CREATE TABLE ADDRESS
( Address      VARCHAR(50)  NOT NULL,
  ZIP              CHAR(5)      NOT NULL,    
  PRIMARY KEY(Address, ZIP),
  FOREIGN KEY(ZIP) REFERENCES ZIPCODE(ZIP)
ON DELETE SET NULL        ON UPDATE CASCADE
);
INSERT INTO "ADDRESS" VALUES('5472 Orci Avenue','17091');
INSERT INTO "ADDRESS" VALUES('P.O. Box 321, 5146 Lectus Street','19483');
INSERT INTO "ADDRESS" VALUES('Ap #700-281 Pulvinar Av.','19487');
INSERT INTO "ADDRESS" VALUES('P.O. Box 714, 421 Eget, Street','21283');
INSERT INTO "ADDRESS" VALUES('969-1731 Sit St.','22218');
INSERT INTO "ADDRESS" VALUES('P.O. Box 310, 138 Ut, Ave','37237');
INSERT INTO "ADDRESS" VALUES('8131 Posuere Ave','58319');
INSERT INTO "ADDRESS" VALUES('814-4245 Vehicula. Avenue','59773');
INSERT INTO "ADDRESS" VALUES('8695 Libero St.','60049');
INSERT INTO "ADDRESS" VALUES('Ap #101-5680 Lorem, St.','76545');
INSERT INTO "ADDRESS" VALUES('Ap #810-4246 Gravida St.','77298');
INSERT INTO "ADDRESS" VALUES('6028 Dictum St.','85289');
INSERT INTO "ADDRESS" VALUES('Ap #686-6649 Orci. Rd.','85290');
INSERT INTO "ADDRESS" VALUES('5613 Amet, Avenue','85291');
INSERT INTO "ADDRESS" VALUES('5909 Massa St.','89824');
INSERT INTO "ADDRESS" VALUES('5289 Eu Ave','92133');
INSERT INTO "ADDRESS" VALUES('2004 Hendrerit St.','92194');
INSERT INTO "ADDRESS" VALUES('Ap #869-6778 Fusce Avenue','94150');
INSERT INTO "ADDRESS" VALUES('267-4200 Ridiculus Road','94152');
INSERT INTO "ADDRESS" VALUES('107-2891 Venenatis St.','94155');
INSERT INTO "ADDRESS" VALUES('123 Neil Ave','97255');
INSERT INTO "ADDRESS" VALUES('245-3 Apple Road','97259');
INSERT INTO "ADDRESS" VALUES('4245 Sunset Blvd','98184');
INSERT INTO "ADDRESS" VALUES('Apt 3A Dominican St','75387');
INSERT INTO "ADDRESS" VALUES('959 Seating Rd','77869');
INSERT INTO "ADDRESS" VALUES('83 Postal Rd','78262');
INSERT INTO "ADDRESS" VALUES('991 Nice Circle','75387');
INSERT INTO "ADDRESS" VALUES('235 Liberty Rd','77869');
INSERT INTO "ADDRESS" VALUES('101 New Haven Blvd','78262');
INSERT INTO "ADDRESS" VALUES('319 Dupont Circle','43299');
INSERT INTO "ADDRESS" VALUES('745 Karl Rd','43307');
INSERT INTO "ADDRESS" VALUES('367 Jassen St','43618');
INSERT INTO "ADDRESS" VALUES('782 Cromwell Ave','43789');
INSERT INTO "ADDRESS" VALUES('239 Mandel Rd','44178');
INSERT INTO "ADDRESS" VALUES('3432-1 Delard Ave ','43299');
INSERT INTO "ADDRESS" VALUES('128 Henderson St','43307');
INSERT INTO "ADDRESS" VALUES('9 E. Main St','43618');
INSERT INTO "ADDRESS" VALUES('46 W 3rd Ave','43789');
INSERT INTO "ADDRESS" VALUES('Apt 6 Levin St','44178');
INSERT INTO "ADDRESS" VALUES('123 Broad Rd','75387');
INSERT INTO "ADDRESS" VALUES('147 Charleston Rd','21283');
INSERT INTO "ADDRESS" VALUES('26 Windsor St','22218');
INSERT INTO "ADDRESS" VALUES('92 Windham Ave','37237');
INSERT INTO "ADDRESS" VALUES('681 Goodwill St','92194');
INSERT INTO "ADDRESS" VALUES('7491 Cornerstone Blvd ','43299');
INSERT INTO "ADDRESS" VALUES('50 Livingstone Rd','94155');
INSERT INTO "ADDRESS" VALUES('423 Broad St','97259');
INSERT INTO "ADDRESS" VALUES('12-5 Sharlene Ave','98184');
INSERT INTO "ADDRESS" VALUES('549A High St','75387');
INSERT INTO "ADDRESS" VALUES('324 Avena Rd ','77869');
DROP TABLE IF EXISTS "AUTHOR";
CREATE TABLE AUTHOR
( Author_ID     VARCHAR(15)    NOT NULL,
  First_Name    VARCHAR(30)        NOT NULL,
  MI            VARCHAR(30),
  Last_Name     VARCHAR(30)        NOT NULL,
  PRIMARY KEY(Author_ID)
);
INSERT INTO "AUTHOR" VALUES('A0000001','Stephen',NULL,'King');
INSERT INTO "AUTHOR" VALUES('A0000002','Don',NULL,'DeLillo');
INSERT INTO "AUTHOR" VALUES('A0000003','Francis','D.K.','Ching');
INSERT INTO "AUTHOR" VALUES('A0000004','Ann',NULL,'Patchett');
INSERT INTO "AUTHOR" VALUES('A0000005','Steven',NULL,'Pinker');
INSERT INTO "AUTHOR" VALUES('A0000006','Edward','Osborne','Wilson');
INSERT INTO "AUTHOR" VALUES('A0000007','Nicholas',NULL,'Sparks');
INSERT INTO "AUTHOR" VALUES('A0000008','Simon',NULL,'Benninga');
INSERT INTO "AUTHOR" VALUES('A0000009','Jeffrey','M.','Wooldridge');
INSERT INTO "AUTHOR" VALUES('A0000010','Steven','J.','Root');
INSERT INTO "AUTHOR" VALUES('A0000011','Ken',NULL,'Coffman');
INSERT INTO "AUTHOR" VALUES('A0000012','Gerald',NULL,'Carter');
INSERT INTO "AUTHOR" VALUES('A0000013','Scott',NULL,'Kelby');
INSERT INTO "AUTHOR" VALUES('A0000014','Terry',NULL,'Prachett');
INSERT INTO "AUTHOR" VALUES('A0000015','Donald','E.','Kieso');
INSERT INTO "AUTHOR" VALUES('A0000016','Jerry','J. ','Weygandt');
INSERT INTO "AUTHOR" VALUES('A0000017','Terry','D. ','Warfield');
INSERT INTO "AUTHOR" VALUES('A0000018','W. ','Bruce','Johnson');
INSERT INTO "AUTHOR" VALUES('A0000019','Walter',NULL,'Isaacson');
INSERT INTO "AUTHOR" VALUES('A0000020','Laura',NULL,'Hillenbrand');
DROP TABLE IF EXISTS "BOOK";
CREATE TABLE BOOK
( ISBN       VARCHAR(13)  NOT NULL,
  Title      VARCHAR(150) NOT NULL,
  Year       DATE              NOT NULL,
  Format     VARCHAR(10)  NOT NULL,
  Language   VARCHAR(20)  NOT NULL, 
  Price      DECIMAL(4,2) NOT NULL,
  PRIMARY KEY(ISBN)
);
INSERT INTO "BOOK" VALUES('0743455967','On Writing',2002,'Paperback','English',7.99);
INSERT INTO "BOOK" VALUES('0140077022','White Noise',1991,'Paperback','English',14);
INSERT INTO "BOOK" VALUES('0679722955','The Names',1989,'Paperback','English',11.2);
INSERT INTO "BOOK" VALUES('0684848155','UNDERWORLD: A NOVEL',1998,'Paperback','English',16);
INSERT INTO "BOOK" VALUES('0471286168','Architecture: Form, Space, and Order',1996,'Hardcover','English',39.95);
INSERT INTO "BOOK" VALUES('0471288217','A Visual Dictionary of Architecture',1996,'Hardcover','English',39.95);
INSERT INTO "BOOK" VALUES('0156006219','The Magician''s Assistant',1998,'Paperback','English',13);
INSERT INTO "BOOK" VALUES('0060540753','Patron Saint of Liars',2003,'Paperback','English',13.95);
INSERT INTO "BOOK" VALUES('0393318486','How the Mind Works',1999,'Paperback','English',17.95);
INSERT INTO "BOOK" VALUES('0060958332','The Language Instinct: How the Mind Creates Language',2000,'Paperback','English',10.5);
INSERT INTO "BOOK" VALUES('0060958405','Words and Rules: The Ingredients of Language',2000,'Paperback','English',15);
INSERT INTO "BOOK" VALUES('0393319407','The Diversity of Life',1999,'Paperback','English',16.95);
INSERT INTO "BOOK" VALUES('0674016386','On Human Nature',1988,'Paperback','English',18.95);
INSERT INTO "BOOK" VALUES('0446608955','A Walk to Remember',2000,'Kindle','English',6.99);
INSERT INTO "BOOK" VALUES('0446676098','The Notebook',1999,'Kindle','English',12.95);
INSERT INTO "BOOK" VALUES('0446606812','Message in a Bottle',1999,'Paperback','English',7.5);
INSERT INTO "BOOK" VALUES('0262521415','Numerical Techniques in Finance',1989,'Hardcover','English',35);
INSERT INTO "BOOK" VALUES('0262232197','Econometric Analysis of Cross Section and Panel Data',2001,'Hardcover','English',74.95);
INSERT INTO "BOOK" VALUES('0324113641','Introductory Econometrics: A Modern Approach',2002,'Kindle','English',107.95);
INSERT INTO "BOOK" VALUES('0471391123','Beyond Coso : Internal Control to Enhance Corporate Governance',2000,'Kindle','English',50);
INSERT INTO "BOOK" VALUES('0130998516','Real World FPGA Design with Verilog',1999,'Paperback','English',83);
INSERT INTO "BOOK" VALUES('1565924916','Ldap System Administration',2003,'Paperback','English',39.95);
INSERT INTO "BOOK" VALUES('0735712360','The Photoshop Book for Digital Photographers',2003,'Hardcover','English',39.99);
INSERT INTO "BOOK" VALUES('0061020656','Pyramids',2001,'Kindle','English',7.99);
INSERT INTO "BOOK" VALUES('0060855925','The Color of Magic',2005,'Paperback','English',13.99);
INSERT INTO "BOOK" VALUES('0471363049','Intermediate Accounting',2001,'Hardcover','English',139.2);
INSERT INTO "BOOK" VALUES('0130323519','Financial Reporting and Analysis',2001,'Hardcover','English',126.67);
INSERT INTO "BOOK" VALUES('1451648537','Steve Jobs',2011,'Hardcover','English',24.99);
INSERT INTO "BOOK" VALUES('9780812974492','Unbroken: A Wrold War II Story of Survival, Resilience, and Redemption',2014,'Paperback','English',15);
DROP TABLE IF EXISTS "BOOK_PUBLISHER";
CREATE TABLE BOOK_PUBLISHER
( ISBN       VARCHAR(13)    NOT NULL,
  P_Name     VARCHAR(50)   NOT NULL,
  PRIMARY KEY(ISBN, P_Name),
  FOREIGN KEY(ISBN) REFERENCES BOOK(ISBN)
        ON DELETE SET NULL         ON UPDATE CASCADE,
  FOREIGN KEY(P_Name) REFERENCES PUBLISHER(P_Name)
ON DELETE SET NULL         ON UPDATE CASCADE
);
INSERT INTO "BOOK_PUBLISHER" VALUES('0743455967','Pocket Books');
INSERT INTO "BOOK_PUBLISHER" VALUES('0140077022','Penguin USA');
INSERT INTO "BOOK_PUBLISHER" VALUES('0679722955','Vintage Books');
INSERT INTO "BOOK_PUBLISHER" VALUES('0684848155','Scribner Paperback Fiction');
INSERT INTO "BOOK_PUBLISHER" VALUES('0471286168','John Wiley & Sons');
INSERT INTO "BOOK_PUBLISHER" VALUES('0471288217','Harvest Books');
INSERT INTO "BOOK_PUBLISHER" VALUES('0156006219','Harperperennial Library');
INSERT INTO "BOOK_PUBLISHER" VALUES('0060540753','W.W. Norton & Company');
INSERT INTO "BOOK_PUBLISHER" VALUES('0393318486','Perennial');
INSERT INTO "BOOK_PUBLISHER" VALUES('0060958332','Harvard Univ Pr');
INSERT INTO "BOOK_PUBLISHER" VALUES('0060958405','Warner Books');
INSERT INTO "BOOK_PUBLISHER" VALUES('0393319407','MIT Press');
INSERT INTO "BOOK_PUBLISHER" VALUES('0674016386','South-Western College Pub');
INSERT INTO "BOOK_PUBLISHER" VALUES('0446608955','Prentice Hall PTR');
INSERT INTO "BOOK_PUBLISHER" VALUES('0446676098','O_Reilly & Associates');
INSERT INTO "BOOK_PUBLISHER" VALUES('0446606812','New Riders Publishing');
INSERT INTO "BOOK_PUBLISHER" VALUES('0262521415','Harper');
INSERT INTO "BOOK_PUBLISHER" VALUES('0262232197','Simon & Schuster');
INSERT INTO "BOOK_PUBLISHER" VALUES('0324113641','Random House');
INSERT INTO "BOOK_PUBLISHER" VALUES('0471391123','New Riders Publishing');
INSERT INTO "BOOK_PUBLISHER" VALUES('0130998516','Prentice Hall PTR');
INSERT INTO "BOOK_PUBLISHER" VALUES('1565924916','O_Reilly & Associates');
INSERT INTO "BOOK_PUBLISHER" VALUES('0735712360','New Riders Publishing');
INSERT INTO "BOOK_PUBLISHER" VALUES('0061020656','Harper');
INSERT INTO "BOOK_PUBLISHER" VALUES('0060855925','Sharper Books');
INSERT INTO "BOOK_PUBLISHER" VALUES('0471363049','John Wiley & Sons');
INSERT INTO "BOOK_PUBLISHER" VALUES('0130323519','Prentice Hall');
INSERT INTO "BOOK_PUBLISHER" VALUES('1451648537','Simon & Schuster');
INSERT INTO "BOOK_PUBLISHER" VALUES('9780812974492','Random House');
DROP TABLE IF EXISTS "CATEGORY";
CREATE TABLE CATEGORY
( ISBN                 VARCHAR(13)   NOT NULL,
  Category_ID         VARCHAR(4)   NOT NULL,       
  PRIMARY KEY(ISBN,Category_ID),
  FOREIGN KEY(ISBN) REFERENCES BOOK(ISBN)
ON DELETE SET NULL        ON UPDATE CASCADE,
  FOREIGN KEY(Category_ID) REFERENCES CATEGORY_KEY(Category_ID)
ON DELETE SET NULL        ON UPDATE CASCADE
);
INSERT INTO "CATEGORY" VALUES('0743455967','C015');
INSERT INTO "CATEGORY" VALUES('0140077022','C015');
INSERT INTO "CATEGORY" VALUES('0679722955','C015');
INSERT INTO "CATEGORY" VALUES('0684848155','C015');
INSERT INTO "CATEGORY" VALUES('0471286168','C012');
INSERT INTO "CATEGORY" VALUES('0471288217','C002');
INSERT INTO "CATEGORY" VALUES('0156006219','C015');
INSERT INTO "CATEGORY" VALUES('0060540753','C015');
INSERT INTO "CATEGORY" VALUES('0393318486','C039');
INSERT INTO "CATEGORY" VALUES('0060958332','C039');
INSERT INTO "CATEGORY" VALUES('0060958405','C039');
INSERT INTO "CATEGORY" VALUES('0393319407','C039');
INSERT INTO "CATEGORY" VALUES('0674016386','C039');
INSERT INTO "CATEGORY" VALUES('0446608955','C015');
INSERT INTO "CATEGORY" VALUES('0446676098','C015');
INSERT INTO "CATEGORY" VALUES('0446606812','C015');
INSERT INTO "CATEGORY" VALUES('0262521415','C007');
INSERT INTO "CATEGORY" VALUES('0262232197','C007');
INSERT INTO "CATEGORY" VALUES('0324113641','C007');
INSERT INTO "CATEGORY" VALUES('0471391123','C007');
INSERT INTO "CATEGORY" VALUES('0130998516','C009');
INSERT INTO "CATEGORY" VALUES('1565924916','C009');
INSERT INTO "CATEGORY" VALUES('0735712360','C009');
INSERT INTO "CATEGORY" VALUES('0061020656','C015');
INSERT INTO "CATEGORY" VALUES('0060855925','C015');
INSERT INTO "CATEGORY" VALUES('0471363049','C007');
INSERT INTO "CATEGORY" VALUES('0130323519','C007');
INSERT INTO "CATEGORY" VALUES('1451648537','C005');
INSERT INTO "CATEGORY" VALUES('9780812974492','C005');
DROP TABLE IF EXISTS "CATEGORY_KEY";
CREATE TABLE CATEGORY_KEY
( Category_ID         VARCHAR(4)   NOT NULL,
  Category         VARCHAR(30)   NOT NULL,       
  PRIMARY KEY(Category_ID)
);
INSERT INTO "CATEGORY_KEY" VALUES('C001','Antiques & Collectibles');
INSERT INTO "CATEGORY_KEY" VALUES('C002','Architecture');
INSERT INTO "CATEGORY_KEY" VALUES('C003','Art');
INSERT INTO "CATEGORY_KEY" VALUES('C004','Bibles');
INSERT INTO "CATEGORY_KEY" VALUES('C005','Biography');
INSERT INTO "CATEGORY_KEY" VALUES('C006','Body, Mind, Spirit');
INSERT INTO "CATEGORY_KEY" VALUES('C007','Business Economics');
INSERT INTO "CATEGORY_KEY" VALUES('C008','Comics & Graphical Novels');
INSERT INTO "CATEGORY_KEY" VALUES('C009','Computers');
INSERT INTO "CATEGORY_KEY" VALUES('C010','Cooking ');
INSERT INTO "CATEGORY_KEY" VALUES('C011','Crafts & Hobbies');
INSERT INTO "CATEGORY_KEY" VALUES('C012','Design');
INSERT INTO "CATEGORY_KEY" VALUES('C013','Education ');
INSERT INTO "CATEGORY_KEY" VALUES('C014','Family & Relationships ');
INSERT INTO "CATEGORY_KEY" VALUES('C015','Fiction ');
INSERT INTO "CATEGORY_KEY" VALUES('C016','Foreign Language Study');
INSERT INTO "CATEGORY_KEY" VALUES('C017','Games');
INSERT INTO "CATEGORY_KEY" VALUES('C018','Gardening ');
INSERT INTO "CATEGORY_KEY" VALUES('C019','Health & Fitness ');
INSERT INTO "CATEGORY_KEY" VALUES('C020','HIstory ');
INSERT INTO "CATEGORY_KEY" VALUES('C021','House & Home');
INSERT INTO "CATEGORY_KEY" VALUES('C022','Humor ');
INSERT INTO "CATEGORY_KEY" VALUES('C023','Juvenile Fiction ');
INSERT INTO "CATEGORY_KEY" VALUES('C024','Juvenile Nonfiction ');
INSERT INTO "CATEGORY_KEY" VALUES('C025','Language ');
INSERT INTO "CATEGORY_KEY" VALUES('C026','Law');
INSERT INTO "CATEGORY_KEY" VALUES('C027','Literary Collections ');
INSERT INTO "CATEGORY_KEY" VALUES('C028','Mathematics ');
INSERT INTO "CATEGORY_KEY" VALUES('C029','Medical ');
INSERT INTO "CATEGORY_KEY" VALUES('C030','Music ');
INSERT INTO "CATEGORY_KEY" VALUES('C031','Nature ');
INSERT INTO "CATEGORY_KEY" VALUES('C032','Performing Arts a');
INSERT INTO "CATEGORY_KEY" VALUES('C033','Pets ');
INSERT INTO "CATEGORY_KEY" VALUES('C034','Philosophy');
INSERT INTO "CATEGORY_KEY" VALUES('C035','Poetry');
INSERT INTO "CATEGORY_KEY" VALUES('C036','Psychology');
INSERT INTO "CATEGORY_KEY" VALUES('C037','Reference ');
INSERT INTO "CATEGORY_KEY" VALUES('C038','Religion');
INSERT INTO "CATEGORY_KEY" VALUES('C039','Science');
INSERT INTO "CATEGORY_KEY" VALUES('C040','Technology');
INSERT INTO "CATEGORY_KEY" VALUES('C041','Travel');
DROP TABLE IF EXISTS "CONSTITUTE";
CREATE TABLE CONSTITUTE
( ISBN          VARCHAR(13)  NOT NULL,
  Order_ID      VARCHAR(10)  NOT NULL,
  O_Quantity    INT              NOT NULL,
  PRIMARY KEY (ISBN,Order_ID),
  FOREIGN KEY(ISBN) REFERENCES BOOK(ISBN)
ON DELETE SET NULL        ON UPDATE CASCADE,
  FOREIGN KEY(Order_ID) REFERENCES ORDERS(Order_ID)
ON DELETE SET NULL        ON UPDATE CASCADE
);
INSERT INTO "CONSTITUTE" VALUES('0743455967','9969881248',1);
INSERT INTO "CONSTITUTE" VALUES('0140077022','5448277852',2);
INSERT INTO "CONSTITUTE" VALUES('0679722955','6099249834',1);
INSERT INTO "CONSTITUTE" VALUES('0684848155','5571486934',1);
INSERT INTO "CONSTITUTE" VALUES('0471286168','7621252974',1);
INSERT INTO "CONSTITUTE" VALUES('0471288217','3403051691',2);
INSERT INTO "CONSTITUTE" VALUES('0156006219','5311700494',1);
INSERT INTO "CONSTITUTE" VALUES('0060540753','1685814002',1);
INSERT INTO "CONSTITUTE" VALUES('0393318486','7981434731',1);
INSERT INTO "CONSTITUTE" VALUES('0060958332','7998022132',1);
INSERT INTO "CONSTITUTE" VALUES('0060958405','8376130723',1);
INSERT INTO "CONSTITUTE" VALUES('0393319407','2898213648',1);
INSERT INTO "CONSTITUTE" VALUES('0674016386','5303589373',2);
INSERT INTO "CONSTITUTE" VALUES('0446608955','9059191048',1);
INSERT INTO "CONSTITUTE" VALUES('0446676098','6761575463',1);
INSERT INTO "CONSTITUTE" VALUES('0446606812','3232484098',1);
INSERT INTO "CONSTITUTE" VALUES('0262521415','3713036749',1);
INSERT INTO "CONSTITUTE" VALUES('0262232197','4705220414',1);
INSERT INTO "CONSTITUTE" VALUES('0324113641','2486672634',1);
INSERT INTO "CONSTITUTE" VALUES('0471391123','2576493707',1);
INSERT INTO "CONSTITUTE" VALUES('0393318486','2571233707',1);
INSERT INTO "CONSTITUTE" VALUES('0471286168','2576493708',1);
INSERT INTO "CONSTITUTE" VALUES('0446608955','3576593705',1);
INSERT INTO "CONSTITUTE" VALUES('0324113641','2576493707',1);
INSERT INTO "CONSTITUTE" VALUES('0130998516','4576493707',2);
INSERT INTO "CONSTITUTE" VALUES('1451648537','2243656527',1);
INSERT INTO "CONSTITUTE" VALUES('0324113641','3456493709',1);
INSERT INTO "CONSTITUTE" VALUES('0060958405','5764938434',1);
INSERT INTO "CONSTITUTE" VALUES('9780812974492','6493707342',3);
INSERT INTO "CONSTITUTE" VALUES('0060958405','9370734327',1);
DROP TABLE IF EXISTS "CUSTOMER_INFO";
CREATE TABLE CUSTOMER_INFO
( C_Email     VARCHAR(50)   NOT NULL,
  C_FName     VARCHAR(20),
  C_LName     VARCHAR(20),
  C_Phone     CHAR(12),
  PRIMARY KEY(C_Email)
);
INSERT INTO "CUSTOMER_INFO" VALUES('melanie@Duis.co.uk','Melanie','French','110-391-2995');
INSERT INTO "CUSTOMER_INFO" VALUES('convallis.convallis@Duis.co.uk','Haviva','Morrow','611-924-6448');
INSERT INTO "CUSTOMER_INFO" VALUES('erat.neque.non@tempuseuligula.co.uk','Chancellor','Griffin','366-970-9994');
INSERT INTO "CUSTOMER_INFO" VALUES('id.ante.dictum@dolorsitamet.com','Cally','Booker','352-192-9404');
INSERT INTO "CUSTOMER_INFO" VALUES('magna@sapien.net','Linda','Pearson','486-334-0654');
INSERT INTO "CUSTOMER_INFO" VALUES('lectus.sit.amet@anteiaculis.com','Quin','Gutierrez','400-514-0714');
INSERT INTO "CUSTOMER_INFO" VALUES('lectus.pede.et@augue.org','Jessamine','Garcia','062-028-7078');
INSERT INTO "CUSTOMER_INFO" VALUES('Vivamus.rhoncus@arcueuodio.org','Tanek','Bowen','901-791-9182');
INSERT INTO "CUSTOMER_INFO" VALUES('feugiat.non@nibh.co.uk','Hashim','Jensen','931-468-2973');
INSERT INTO "CUSTOMER_INFO" VALUES('cursus.non@elitpretiumet.edu','Cassandra','Scott','594-620-9272');
INSERT INTO "CUSTOMER_INFO" VALUES('at.libero@necleo.net','Price','Cote','939-559-9601');
INSERT INTO "CUSTOMER_INFO" VALUES('a.arcu@nibhdolornonummy.net','Keefe','Evans','777-569-4034');
INSERT INTO "CUSTOMER_INFO" VALUES('non@porttitorscelerisque.edu','Libby','Nichols','611-021-0951');
INSERT INTO "CUSTOMER_INFO" VALUES('Nulla.tempor@ligulaconsectetuer.ca','Susan','Russell','918-368-8717');
INSERT INTO "CUSTOMER_INFO" VALUES('purus.accumsan.interdum@dictum.org','Zachary','Cabrera','972-211-1375');
INSERT INTO "CUSTOMER_INFO" VALUES('a.neque.Nullam@vitaeposuereat.edu','Ifeoma','Holt','073-636-1623');
INSERT INTO "CUSTOMER_INFO" VALUES('mus.Aenean.eget@sem.co.uk','Blossom','Bishop','295-098-8647');
INSERT INTO "CUSTOMER_INFO" VALUES('eget.ipsum@Nuncullamcorper.com','Fredericka','Castaneda','965-226-1123');
INSERT INTO "CUSTOMER_INFO" VALUES('lectus.Nullam.suscipit@Maecenas.com','Kasper','Gutierrez','030-197-9082');
INSERT INTO "CUSTOMER_INFO" VALUES('enim@Aliquamtinciduntnunc.co.uk','Melvin','Burris','684-306-2983');
DROP TABLE IF EXISTS "CUSTOMER_PAYMENT";
CREATE TABLE CUSTOMER_PAYMENT
( C_Email      VARCHAR(50)  NOT NULL,
  C_Card        VARCHAR(50),
  PRIMARY KEY(C_Email),
  FOREIGN KEY(C_Email) REFERENCES CUSTOMER_INFO(C_Email)
ON DELETE CASCADE        ON UPDATE CASCADE
);
INSERT INTO "CUSTOMER_PAYMENT" VALUES('melanie@Duis.co.uk','4532-8055-9133-6897, CVV2, 489, 05/19');
INSERT INTO "CUSTOMER_PAYMENT" VALUES('convallis.convallis@Duis.co.uk','4485-2274-2668-1438, CVV2, 072, 06/21');
INSERT INTO "CUSTOMER_PAYMENT" VALUES('erat.neque.non@tempuseuligula.co.uk','4024-0071-6705-6919, CVV2, 675, 05/21');
INSERT INTO "CUSTOMER_PAYMENT" VALUES('id.ante.dictum@dolorsitamet.com','4916-6983-8972-2154, CVV2, 977, 04/19');
INSERT INTO "CUSTOMER_PAYMENT" VALUES('magna@sapien.net','4485-0431-9514-0310, CVV2, 378, 09/18');
INSERT INTO "CUSTOMER_PAYMENT" VALUES('lectus.sit.amet@anteiaculis.com',NULL);
INSERT INTO "CUSTOMER_PAYMENT" VALUES('lectus.pede.et@augue.org','5559-8276-9281-2951, CVC2, 362, 11/19');
INSERT INTO "CUSTOMER_PAYMENT" VALUES('Vivamus.rhoncus@arcueuodio.org',NULL);
INSERT INTO "CUSTOMER_PAYMENT" VALUES('feugiat.non@nibh.co.uk','5372-1749-8784-4604, CVC2, 770, 04/20');
INSERT INTO "CUSTOMER_PAYMENT" VALUES('cursus.non@elitpretiumet.edu','5120-5381-2617-3718, CVC2, 761, 01/19');
INSERT INTO "CUSTOMER_PAYMENT" VALUES('at.libero@necleo.net','5529-9168-5155-9268, CVC2, 212, 05/21');
INSERT INTO "CUSTOMER_PAYMENT" VALUES('a.arcu@nibhdolornonummy.net',NULL);
INSERT INTO "CUSTOMER_PAYMENT" VALUES('non@porttitorscelerisque.edu','67-7169-2081-5668-6751, CVV, 634, 06/20');
INSERT INTO "CUSTOMER_PAYMENT" VALUES('Nulla.tempor@ligulaconsectetuer.ca','67-7156-6901-3016-6452, CVV, 180, 02/19');
INSERT INTO "CUSTOMER_PAYMENT" VALUES('purus.accumsan.interdum@dictum.org','67-0909-2818-5762-4124, CVV, 894, 07/19');
INSERT INTO "CUSTOMER_PAYMENT" VALUES('a.neque.Nullam@vitaeposuereat.edu',NULL);
INSERT INTO "CUSTOMER_PAYMENT" VALUES('mus.Aenean.eget@sem.co.uk','67-7174-7850-8774-1261, CVV, 834, 12/19');
INSERT INTO "CUSTOMER_PAYMENT" VALUES('eget.ipsum@Nuncullamcorper.com',NULL);
INSERT INTO "CUSTOMER_PAYMENT" VALUES('lectus.Nullam.suscipit@Maecenas.com','67-0605-9034-5400-2522, CVV, 978, 11/18');
INSERT INTO "CUSTOMER_PAYMENT" VALUES('enim@Aliquamtinciduntnunc.co.uk','5300-9507-1868-7959, CVC2, 946, 03/21');
DROP TABLE IF EXISTS "C_LOCATE";
CREATE TABLE C_LOCATE
( C_Email       VARCHAR(50)  NOT NULL,
  Address       VARCHAR(50)  NOT NULL,
  ZIP           CHAR(5)      NOT NULL,
  PRIMARY KEY (C_Email,Address,ZIP),
  FOREIGN KEY(C_Email) REFERENCES CUSTOMER(C_Email)
ON DELETE CASCADE        ON UPDATE CASCADE,
  FOREIGN KEY(Address) REFERENCES ADDRESS(Address)
ON DELETE SET NULL        ON UPDATE CASCADE,
  FOREIGN KEY(ZIP)     REFERENCES ADDRESS(ZIP)
ON DELETE SET NULL        ON UPDATE CASCADE
);
INSERT INTO "C_LOCATE" VALUES('melanie@Duis.co.uk','5472 Orci Avenue','17091');
INSERT INTO "C_LOCATE" VALUES('convallis.convallis@Duis.co.uk','P.O. Box 321, 5146 Lectus Street','19483');
INSERT INTO "C_LOCATE" VALUES('erat.neque.non@tempuseuligula.co.uk','Ap #700-281 Pulvinar Av.','19487');
INSERT INTO "C_LOCATE" VALUES('id.ante.dictum@dolorsitamet.com','P.O. Box 714, 421 Eget, Street','21283');
INSERT INTO "C_LOCATE" VALUES('magna@sapien.net','969-1731 Sit St.','22218');
INSERT INTO "C_LOCATE" VALUES('lectus.sit.amet@anteiaculis.com','P.O. Box 310, 138 Ut, Ave','37237');
INSERT INTO "C_LOCATE" VALUES('lectus.pede.et@augue.org','8131 Posuere Ave','58319');
INSERT INTO "C_LOCATE" VALUES('Vivamus.rhoncus@arcueuodio.org','814-4245 Vehicula. Avenue','59773');
INSERT INTO "C_LOCATE" VALUES('feugiat.non@nibh.co.uk','8695 Libero St.','60049');
INSERT INTO "C_LOCATE" VALUES('cursus.non@elitpretiumet.edu','Ap #101-5680 Lorem, St.','76545');
INSERT INTO "C_LOCATE" VALUES('at.libero@necleo.net','Ap #810-4246 Gravida St.','77298');
INSERT INTO "C_LOCATE" VALUES('a.arcu@nibhdolornonummy.net','6028 Dictum St.','85289');
INSERT INTO "C_LOCATE" VALUES('non@porttitorscelerisque.edu','Ap #686-6649 Orci. Rd.','85290');
INSERT INTO "C_LOCATE" VALUES('Nulla.tempor@ligulaconsectetuer.ca','5613 Amet, Avenue','85291');
INSERT INTO "C_LOCATE" VALUES('purus.accumsan.interdum@dictum.org','5909 Massa St.','89824');
INSERT INTO "C_LOCATE" VALUES('a.neque.Nullam@vitaeposuereat.edu','5289 Eu Ave','92133');
INSERT INTO "C_LOCATE" VALUES('mus.Aenean.eget@sem.co.uk','2004 Hendrerit St.','92194');
INSERT INTO "C_LOCATE" VALUES('eget.ipsum@Nuncullamcorper.com','Ap #869-6778 Fusce Avenue','94150');
INSERT INTO "C_LOCATE" VALUES('lectus.Nullam.suscipit@Maecenas.com','267-4200 Ridiculus Road','94152');
INSERT INTO "C_LOCATE" VALUES('enim@Aliquamtinciduntnunc.co.uk','107-2891 Venenatis St.','94155');
DROP TABLE IF EXISTS "ORDERS";
CREATE TABLE ORDERS
( Order_ID       VARCHAR(10)  NOT NULL,
  Date           CHAR(10)      NOT NULL,
  Status         VARCHAR(10),
  PaymentInfo   VARCHAR(50)  NOT NULL,
  C_Email        VARCHAR(50)  NOT NULL,
  PRIMARY KEY(Order_ID),
  FOREIGN KEY(C_Email) REFERENCES CUSTOMER(C_Email)
ON DELETE SET NULL        ON UPDATE CASCADE
);
INSERT INTO "ORDERS" VALUES('9969881248','42183','Completed','4532-8055-9133-6897, CVV2, 489, 05/19','melanie@Duis.co.uk');
INSERT INTO "ORDERS" VALUES('5448277852','42199','Completed','4485-2274-2668-1438, CVV2, 072, 06/21','convallis.convallis@Duis.co.uk');
INSERT INTO "ORDERS" VALUES('6099249834','42230','Completed','4024-0071-6705-6919, CVV2, 675, 05/21','erat.neque.non@tempuseuligula.co.uk');
INSERT INTO "ORDERS" VALUES('5571486934','42305','Completed','4916-6983-8972-2154, CVV2, 977, 04/19','id.ante.dictum@dolorsitamet.com');
INSERT INTO "ORDERS" VALUES('7621252974','42307','Completed','4485-0431-9514-0310, CVV2, 378, 09/18','magna@sapien.net');
INSERT INTO "ORDERS" VALUES('3403051691','42307','Completed','4539159153542960, CVV2, 583, 09/2021','lectus.sit.amet@anteiaculis.com');
INSERT INTO "ORDERS" VALUES('5311700494','42309','Completed','5559-8276-9281-2951, CVC2, 362, 11/19','lectus.pede.et@augue.org');
INSERT INTO "ORDERS" VALUES('1685814002','42320','Completed','4192072654794840, CVV2, 647, 10/2018','Vivamus.rhoncus@arcueuodio.org');
INSERT INTO "ORDERS" VALUES('7981434731','42320','Completed','5372-1749-8784-4604, CVC2, 770, 04/20','feugiat.non@nibh.co.uk');
INSERT INTO "ORDERS" VALUES('7998022132','42324','Completed','5120-5381-2617-3718, CVC2, 761, 01/19','cursus.non@elitpretiumet.edu');
INSERT INTO "ORDERS" VALUES('8376130723','42326','Completed','5529-9168-5155-9268, CVC2, 212, 05/21','at.libero@necleo.net');
INSERT INTO "ORDERS" VALUES('2898213648','42327','Completed','4929138741664864, CVV2, 798, 03/2018','a.arcu@nibhdolornonummy.net');
INSERT INTO "ORDERS" VALUES('5303589373','42332','Completed','67-7169-2081-5668-6751, CVV, 634, 06/20','non@porttitorscelerisque.edu');
INSERT INTO "ORDERS" VALUES('9059191048','42339','Completed','67-7156-6901-3016-6452, CVV, 180, 02/19','Nulla.tempor@ligulaconsectetuer.ca');
INSERT INTO "ORDERS" VALUES('6761575463','42348','Completed','67-0909-2818-5762-4124, CVV, 894, 07/19','purus.accumsan.interdum@dictum.org');
INSERT INTO "ORDERS" VALUES('3232484098','42387','Completed','4024007198132143, CVV2, 002, 04/2020','a.neque.Nullam@vitaeposuereat.edu');
INSERT INTO "ORDERS" VALUES('3713036749','42410','Completed','67-7174-7850-8774-1261, CVV, 834, 12/19','mus.Aenean.eget@sem.co.uk');
INSERT INTO "ORDERS" VALUES('4705220414','42416','Completed','4532860435202151, CVV2, 166, 07/2019','eget.ipsum@Nuncullamcorper.com');
INSERT INTO "ORDERS" VALUES('2486672634','42437','Completed','67-0605-9034-5400-2522, CVV, 978, 11/18','lectus.Nullam.suscipit@Maecenas.com');
INSERT INTO "ORDERS" VALUES('2576493706','42438','Completed','5300-9507-1868-7959, CVC2, 946, 03/21','enim@Aliquamtinciduntnunc.co.uk');
INSERT INTO "ORDERS" VALUES('2571233707','42440','Completed','4532-8055-9133-6897, CVV2, 489, 05/19','melanie@Duis.co.uk');
INSERT INTO "ORDERS" VALUES('2576493708','42444','Completed','4485-2274-2668-1438, CVV2, 072, 06/21','convallis.convallis@Duis.co.uk');
INSERT INTO "ORDERS" VALUES('3576593705','42446','Completed','4024-0071-6705-6919, CVV2, 675, 05/21','erat.neque.non@tempuseuligula.co.uk');
INSERT INTO "ORDERS" VALUES('2576403707','42453','Completed','4916-6983-8972-2154, CVV2, 977, 04/19','id.ante.dictum@dolorsitamet.com');
INSERT INTO "ORDERS" VALUES('4576493707','42465','Completed','4485-0431-9514-0310, CVV2, 378, 09/18','magna@sapien.net');
INSERT INTO "ORDERS" VALUES('2243656527','42474','Completed','4532-8055-9133-6897, CVV2, 489, 05/19','melanie@Duis.co.uk');
INSERT INTO "ORDERS" VALUES('3456493709','42485','Completed','4485-2274-2668-1438, CVV2, 072, 06/21','convallis.convallis@Duis.co.uk');
INSERT INTO "ORDERS" VALUES('5764938434','42501','Pending','4024-0071-6705-6919, CVV2, 675, 05/21','erat.neque.non@tempuseuligula.co.uk');
INSERT INTO "ORDERS" VALUES('6493707342','42510','Pending','4916-6983-8972-2154, CVV2, 977, 04/19','id.ante.dictum@dolorsitamet.com');
INSERT INTO "ORDERS" VALUES('9370734327','42521','Pending','4485-0431-9514-0310, CVV2, 378, 09/18','magna@sapien.net');
DROP TABLE IF EXISTS "PUBLISHER";
CREATE TABLE PUBLISHER
( P_Name     VARCHAR(50)  NOT NULL,
  P_Email      VARCHAR(50)  NOT NULL,
  P_Address  VARCHAR(50)  NOT NULL,
  P_ZIP          CHAR(5)           NOT NULL,
  PRIMARY KEY(P_Name),
  FOREIGN KEY(P_Address)  REFERENCES ADDRESS(Address)
        ON DELETE SET NULL         ON UPDATE CASCADE,
  FOREIGN KEY(P_ZIP)      REFERENCES ADDRESS(ZIP)
        ON DELETE SET NULL         ON UPDATE CASCADE
);
INSERT INTO "PUBLISHER" VALUES('Pocket Books','pb@books.com','123 Neil Ave','97255');
INSERT INTO "PUBLISHER" VALUES('Penguin USA','pusa@books. com','245-3 Apple Road','97259');
INSERT INTO "PUBLISHER" VALUES('Vintage Books','vintage@books.com','4245 Sunset Blvd','98184');
INSERT INTO "PUBLISHER" VALUES('Scribner Paperback Fiction','spfiction@publishing.com','Apt 3A Dominican St','75387');
INSERT INTO "PUBLISHER" VALUES('John Wiley & Sons','jwiley@jws.com','959 Seating Rd','77869');
INSERT INTO "PUBLISHER" VALUES('Harvest Books','harvest@books.com','83 Postal Rd','78262');
INSERT INTO "PUBLISHER" VALUES('Harperperennial Library','harper@lib.com','991 Nice Circle','75387');
INSERT INTO "PUBLISHER" VALUES('W.W. Norton & Company','ww.norton@publishing.com','235 Liberty Rd','77869');
INSERT INTO "PUBLISHER" VALUES('Perennial','perennial@publishing.com','101 New Haven Blvd','78262');
INSERT INTO "PUBLISHER" VALUES('Harvard Univ Pr','harvardpress@harvard.edu','319 Dupont Circle','43299');
INSERT INTO "PUBLISHER" VALUES('Warner Books','warnerbooks@warnerbooks.com','745 Karl Rd','43307');
INSERT INTO "PUBLISHER" VALUES('MIT Press','mit@mit.edu','367 Jassen St','43618');
INSERT INTO "PUBLISHER" VALUES('South-Western College Pub','swc@swc.edu','782 Cromwell Ave','43789');
INSERT INTO "PUBLISHER" VALUES('Prentice Hall PTR','prentice@ptr.com','239 Mandel Rd','44178');
INSERT INTO "PUBLISHER" VALUES('O_Reilly & Associates','oreilly@associate.com','3432-1 Delard Ave ','43299');
INSERT INTO "PUBLISHER" VALUES('New Riders Publishing','nr@publishing.com','128 Henderson St','43307');
INSERT INTO "PUBLISHER" VALUES('Harper','harper@books.net','9 E. Main St','43618');
INSERT INTO "PUBLISHER" VALUES('Simon & Schuster','ss@ss.com','46 W 3rd Ave','43789');
INSERT INTO "PUBLISHER" VALUES('Random House','randomhouse@publishing.com','Apt 6 Levin St','44178');
INSERT INTO "PUBLISHER" VALUES('Sharper Book','sharp@books.com','123 Broad Rd','75387');
DROP TABLE IF EXISTS "PUBLISHER_PHONE";
CREATE TABLE PUBLISHER_PHONE
( P_Name     VARCHAR(50)  NOT NULL,
  P_Phone    CHAR(12)     NOT NULL,
  PRIMARY KEY(P_Name,P_Phone),
  FOREIGN KEY(P_Name)  REFERENCES PUBLISHER(P_Name)
ON DELETE SET NULL         ON UPDATE CASCADE
);
INSERT INTO "PUBLISHER_PHONE" VALUES('Pocket Books','162-085-1413');
INSERT INTO "PUBLISHER_PHONE" VALUES('Penguin USA','272-288-5472');
INSERT INTO "PUBLISHER_PHONE" VALUES('Vintage Books','851-665-0637');
INSERT INTO "PUBLISHER_PHONE" VALUES('Scribner Paperback Fiction','700-884-8614');
INSERT INTO "PUBLISHER_PHONE" VALUES('John Wiley & Sons','847-330-0078');
INSERT INTO "PUBLISHER_PHONE" VALUES('Harvest Books','443-870-5767');
INSERT INTO "PUBLISHER_PHONE" VALUES('Harperperennial Library','830-944-6022');
INSERT INTO "PUBLISHER_PHONE" VALUES('W.W. Norton & Company','683-363-7843');
INSERT INTO "PUBLISHER_PHONE" VALUES('Perennial','716-059-0179');
INSERT INTO "PUBLISHER_PHONE" VALUES('Harvard Univ Pr','711-314-0165');
INSERT INTO "PUBLISHER_PHONE" VALUES('Warner Books','280-754-3406');
INSERT INTO "PUBLISHER_PHONE" VALUES('MIT Press','148-129-0787');
INSERT INTO "PUBLISHER_PHONE" VALUES('South-Western College Pub','208-750-7085');
INSERT INTO "PUBLISHER_PHONE" VALUES('Prentice Hall PTR','556-614-7613');
INSERT INTO "PUBLISHER_PHONE" VALUES('O_Reilly & Associates','174-587-6413');
INSERT INTO "PUBLISHER_PHONE" VALUES('New Riders Publishing','184-644-1621');
INSERT INTO "PUBLISHER_PHONE" VALUES('Harper','104-390-6173');
INSERT INTO "PUBLISHER_PHONE" VALUES('Simon & Schuster','519-755-7158');
INSERT INTO "PUBLISHER_PHONE" VALUES('Random House','773-941-0076');
INSERT INTO "PUBLISHER_PHONE" VALUES('Sharper Book','614-594-2345');
DROP TABLE IF EXISTS "RATE";
CREATE TABLE RATE
( ISBN          VARCHAR(13)  NOT NULL,          
  C_Email       VARCHAR(50)  NOT NULL,
  Rating        INT              NOT NULL,
  PRIMARY KEY (ISBN,C_Email),
  FOREIGN KEY(ISBN)   REFERENCES BOOK(ISBN)
ON DELETE CASCADE        ON UPDATE CASCADE,
  FOREIGN KEY(C_Email) REFERENCES CUSTOMER(C_Email)
ON DELETE SET NULL        ON UPDATE CASCADE
);
INSERT INTO "RATE" VALUES('0743455967','melanie@Duis.co.uk',2);
INSERT INTO "RATE" VALUES('0140077022','convallis.convallis@Duis.co.uk',2);
INSERT INTO "RATE" VALUES('0679722955','erat.neque.non@tempuseuligula.co.uk',8);
INSERT INTO "RATE" VALUES('0684848155','id.ante.dictum@dolorsitamet.com',5);
INSERT INTO "RATE" VALUES('0471286168','magna@sapien.net',10);
INSERT INTO "RATE" VALUES('0471288217','lectus.sit.amet@anteiaculis.com',7);
INSERT INTO "RATE" VALUES('0156006219','lectus.pede.et@augue.org',7);
INSERT INTO "RATE" VALUES('0060540753','Vivamus.rhoncus@arcueuodio.org',6);
INSERT INTO "RATE" VALUES('0393318486','feugiat.non@nibh.co.uk',3);
INSERT INTO "RATE" VALUES('0060958332','cursus.non@elitpretiumet.edu',8);
INSERT INTO "RATE" VALUES('0060958405','at.libero@necleo.net',6);
INSERT INTO "RATE" VALUES('0393319407','a.arcu@nibhdolornonummy.net',7);
INSERT INTO "RATE" VALUES('0743455967','non@porttitorscelerisque.edu',5);
INSERT INTO "RATE" VALUES('0140077022','Nulla.tempor@ligulaconsectetuer.ca',6);
INSERT INTO "RATE" VALUES('0679722955','purus.accumsan.interdum@dictum.org',8);
INSERT INTO "RATE" VALUES('0684848155','a.neque.Nullam@vitaeposuereat.edu',6);
INSERT INTO "RATE" VALUES('0471286168','mus.Aenean.eget@sem.co.uk',1);
INSERT INTO "RATE" VALUES('0471288217','eget.ipsum@Nuncullamcorper.com',2);
INSERT INTO "RATE" VALUES('0156006219','lectus.Nullam.suscipit@Maecenas.com',6);
INSERT INTO "RATE" VALUES('0060540753','enim@Aliquamtinciduntnunc.co.uk',1);
INSERT INTO "RATE" VALUES('0060540753','cursus.non@elitpretiumet.edu',10);
INSERT INTO "RATE" VALUES('0393318486','at.libero@necleo.net',7);
INSERT INTO "RATE" VALUES('0060958332','a.arcu@nibhdolornonummy.net',7);
INSERT INTO "RATE" VALUES('0060958405','non@porttitorscelerisque.edu',6);
INSERT INTO "RATE" VALUES('0393319407','Nulla.tempor@ligulaconsectetuer.ca',3);
INSERT INTO "RATE" VALUES('0674016386','purus.accumsan.interdum@dictum.org',8);
INSERT INTO "RATE" VALUES('0446608955','a.neque.Nullam@vitaeposuereat.edu',6);
INSERT INTO "RATE" VALUES('0446676098','mus.Aenean.eget@sem.co.uk',7);
INSERT INTO "RATE" VALUES('0446606812','eget.ipsum@Nuncullamcorper.com',5);
INSERT INTO "RATE" VALUES('0262521415','lectus.Nullam.suscipit@Maecenas.com',6);
INSERT INTO "RATE" VALUES('0262232197','enim@Aliquamtinciduntnunc.co.uk',1);
INSERT INTO "RATE" VALUES('0324113641','lectus.sit.amet@anteiaculis.com',2);
INSERT INTO "RATE" VALUES('0471391123','lectus.pede.et@augue.org',6);
INSERT INTO "RATE" VALUES('0130998516','Vivamus.rhoncus@arcueuodio.org',1);
DROP TABLE IF EXISTS "RESTOCK_ID";
CREATE TABLE RESTOCK_ID
( R_ID         VARCHAR(10)   NOT NULL,
  Date         CHAR(10)              NOT NULL,
  Admin       VARCHAR(30),
  ISBN         VARCHAR(13)  NOT NULL,               
  Quantity     INT              NOT NULL,
  PRIMARY KEY(R_ID),
  FOREIGN KEY(ISBN)   REFERENCES BOOK(ISBN)
ON DELETE SET NULL        ON UPDATE CASCADE
);
INSERT INTO "RESTOCK_ID" VALUES('2853583237','42263','Shaine Myers','0743455967',50);
INSERT INTO "RESTOCK_ID" VALUES('9071866346','42263','Shaine Myers','0140077022',100);
INSERT INTO "RESTOCK_ID" VALUES('3180810423','42279','Louis Frazier','0679722955',80);
INSERT INTO "RESTOCK_ID" VALUES('9100658246','42279','Louis Frazier','0684848155',120);
INSERT INTO "RESTOCK_ID" VALUES('2606536045','42279','Louis Frazier','0471286168',50);
INSERT INTO "RESTOCK_ID" VALUES('6350319920','42307','Benjamin Hardin','0471288217',70);
INSERT INTO "RESTOCK_ID" VALUES('8572922667','42307','Benjamin Hardin','0156006219',100);
INSERT INTO "RESTOCK_ID" VALUES('5963233615','42314','Shaine Myers','0060540753',200);
INSERT INTO "RESTOCK_ID" VALUES('4998135244','42369','Louis Frazier','0393318486',150);
INSERT INTO "RESTOCK_ID" VALUES('5868072569','42369','Louis Frazier','0060958332',70);
INSERT INTO "RESTOCK_ID" VALUES('2665347174','42376','Shaine Myers','0060958405',50);
INSERT INTO "RESTOCK_ID" VALUES('5377057081','42449','Benjamin Hardin','0393319407',80);
INSERT INTO "RESTOCK_ID" VALUES('1718977303','42449','Benjamin Hardin','0674016386',100);
INSERT INTO "RESTOCK_ID" VALUES('2927574960','42454','Louis Frazier','0446608955',200);
INSERT INTO "RESTOCK_ID" VALUES('1613094328','42454','Louis Frazier','0446676098',130);
INSERT INTO "RESTOCK_ID" VALUES('7986514806','42464','Benjamin Hardin','0446606812',110);
INSERT INTO "RESTOCK_ID" VALUES('7726353469','42464','Benjamin Hardin','0262521415',30);
INSERT INTO "RESTOCK_ID" VALUES('9671028258','42503','Shaine Myers','0262232197',50);
INSERT INTO "RESTOCK_ID" VALUES('8364292718','42503','Shaine Myers','0324113641',150);
INSERT INTO "RESTOCK_ID" VALUES('4258139816','42503','Shaine Myers','0471391123',200);
DROP TABLE IF EXISTS "STORE_IN";
CREATE TABLE STORE_IN
( ISBN         VARCHAR(13)  NOT NULL,
  W_Code       CHAR(5)      NOT NULL,
  Quantity     INT,
  PRIMARY KEY (ISBN, W_Code), 
  FOREIGN KEY(ISBN) REFERENCES BOOK(ISBN)
        ON DELETE CASCADE        ON UPDATE CASCADE,
  FOREIGN KEY(W_Code) REFERENCES WAREHOUSE(W_Code)
ON DELETE CASCADE        ON UPDATE CASCADE
);
INSERT INTO "STORE_IN" VALUES('0743455967','W_100',3);
INSERT INTO "STORE_IN" VALUES('0140077022','W_100',15);
INSERT INTO "STORE_IN" VALUES('0679722955','W_100',25);
INSERT INTO "STORE_IN" VALUES('0684848155','W_100',2);
INSERT INTO "STORE_IN" VALUES('0471286168','W_100',45);
INSERT INTO "STORE_IN" VALUES('0471288217','W_100',1);
INSERT INTO "STORE_IN" VALUES('0156006219','W_100',60);
INSERT INTO "STORE_IN" VALUES('0060540753','W_100',3);
INSERT INTO "STORE_IN" VALUES('0393318486','W_100',55);
INSERT INTO "STORE_IN" VALUES('0060958332','W_100',35);
INSERT INTO "STORE_IN" VALUES('0060958405','W_100',3);
INSERT INTO "STORE_IN" VALUES('0393319407','W_100',60);
INSERT INTO "STORE_IN" VALUES('0674016386','W_100',40);
INSERT INTO "STORE_IN" VALUES('0446608955','W_100',2);
INSERT INTO "STORE_IN" VALUES('0446676098','W_100',55);
INSERT INTO "STORE_IN" VALUES('0446606812','W_101',60);
INSERT INTO "STORE_IN" VALUES('0262521415','W_101',50);
INSERT INTO "STORE_IN" VALUES('0262232197','W_101',70);
INSERT INTO "STORE_IN" VALUES('0324113641','W_101',1);
INSERT INTO "STORE_IN" VALUES('0471391123','W_200',20);
INSERT INTO "STORE_IN" VALUES('0130998516','W_200',60);
INSERT INTO "STORE_IN" VALUES('1565924916','W_200',50);
INSERT INTO "STORE_IN" VALUES('0735712360','W_200',70);
INSERT INTO "STORE_IN" VALUES('0061020656','W_200',120);
INSERT INTO "STORE_IN" VALUES('0060855925','W_200',80);
INSERT INTO "STORE_IN" VALUES('0471363049','W_200',200);
INSERT INTO "STORE_IN" VALUES('0130323519','W_800',130);
INSERT INTO "STORE_IN" VALUES('1451648537','W_800',60);
INSERT INTO "STORE_IN" VALUES('9780812974492','W_800',55);
INSERT INTO "STORE_IN" VALUES('0743455967','W_800',1);
INSERT INTO "STORE_IN" VALUES('0140077022','W_300',45);
INSERT INTO "STORE_IN" VALUES('0679722955','W_300',20);
INSERT INTO "STORE_IN" VALUES('0684848155','W_300',60);
INSERT INTO "STORE_IN" VALUES('0471286168','W_300',30);
INSERT INTO "STORE_IN" VALUES('0471288217','W_300',1);
INSERT INTO "STORE_IN" VALUES('0156006219','W_300',100);
INSERT INTO "STORE_IN" VALUES('0060540753','W_400',25);
INSERT INTO "STORE_IN" VALUES('0393318486','W_400',70);
INSERT INTO "STORE_IN" VALUES('0060958332','W_400',50);
INSERT INTO "STORE_IN" VALUES('0060958405','W_400',1);
INSERT INTO "STORE_IN" VALUES('0393319407','W_400',30);
INSERT INTO "STORE_IN" VALUES('0674016386','W_400',15);
INSERT INTO "STORE_IN" VALUES('0446608955','W_400',25);
INSERT INTO "STORE_IN" VALUES('0446676098','W_500',100);
INSERT INTO "STORE_IN" VALUES('0446606812','W_500',45);
INSERT INTO "STORE_IN" VALUES('0262521415','W_500',180);
INSERT INTO "STORE_IN" VALUES('0262232197','W_500',60);
INSERT INTO "STORE_IN" VALUES('0324113641','W_500',1);
INSERT INTO "STORE_IN" VALUES('0471391123','W_600',55);
INSERT INTO "STORE_IN" VALUES('0130998516','W_600',35);
INSERT INTO "STORE_IN" VALUES('1565924916','W_600',30);
INSERT INTO "STORE_IN" VALUES('0735712360','W_600',60);
INSERT INTO "STORE_IN" VALUES('0061020656','W_600',40);
INSERT INTO "STORE_IN" VALUES('0060855925','W_600',25);
INSERT INTO "STORE_IN" VALUES('0471363049','W_700',40);
INSERT INTO "STORE_IN" VALUES('0130323519','W_700',25);
INSERT INTO "STORE_IN" VALUES('1451648537','W_700',55);
INSERT INTO "STORE_IN" VALUES('9780812974492','W_700',60);
INSERT INTO "STORE_IN" VALUES('0743455967','W_900',0);
INSERT INTO "STORE_IN" VALUES('0140077022','W_900',70);
INSERT INTO "STORE_IN" VALUES('0679722955','W_900',100);
INSERT INTO "STORE_IN" VALUES('0684848155','W_900',20);
INSERT INTO "STORE_IN" VALUES('0471286168','W_900',60);
DROP TABLE IF EXISTS "WAREHOUSE";
CREATE TABLE WAREHOUSE
( W_Code       CHAR(5)       NOT NULL,
  W_Phone      CHAR(12)      NOT NULL,
  W_Address    VARCHAR(50)   NOT NULL,
  W_ZIP        CHAR(5)       NOT NULL,
  PRIMARY KEY (W_Code),
  FOREIGN KEY(W_Address) REFERENCES ADDRESS(Address)
ON DELETE SET NULL        ON UPDATE CASCADE,
  FOREIGN KEY(W_ZIP) REFERENCES ADDRESS(ZIP)
ON DELETE SET NULL        ON UPDATE CASCADE
);
INSERT INTO "WAREHOUSE" VALUES('W_100','152-587-4825','147 Charleston Rd','21283');
INSERT INTO "WAREHOUSE" VALUES('W_200','978-282-0491','26 Windsor St','22218');
INSERT INTO "WAREHOUSE" VALUES('W_300','472-179-5663','92 Windham Ave','37237');
INSERT INTO "WAREHOUSE" VALUES('W_400','543-475-3715','681 Goodwill St','92194');
INSERT INTO "WAREHOUSE" VALUES('W_500','710-545-2016','7491 Cornerstone Blvd ','43299');
INSERT INTO "WAREHOUSE" VALUES('W_600','499-463-9882','50 Livingstone Rd','94155');
INSERT INTO "WAREHOUSE" VALUES('W_700','229-149-0376','423 Broad St','97259');
INSERT INTO "WAREHOUSE" VALUES('W_800','642-873-0840','12-5 Sharlene Ave','98184');
INSERT INTO "WAREHOUSE" VALUES('W_900','765-995-1279','549A High St','75387');
INSERT INTO "WAREHOUSE" VALUES('W_101','343-417-9790','324 Avena Rd ','77869');
DROP TABLE IF EXISTS "WRITE";
CREATE TABLE WRITE
( ISBN          VARCHAR(13)   NOT NULL, 
  Author_ID     VARCHAR(15)   NOT NULL,
  PRIMARY KEY (ISBN,AUTHOR_ID),
  FOREIGN KEY(ISBN) REFERENCES BOOK(ISBN)
ON DELETE CASCADE        ON UPDATE CASCADE,
  FOREIGN KEY(Author_ID) REFERENCES AUTHOR(Author_ID)
ON DELETE SET NULL        ON UPDATE CASCADE
);
INSERT INTO "WRITE" VALUES('0743455967','A0000001');
INSERT INTO "WRITE" VALUES('0140077022','A0000002');
INSERT INTO "WRITE" VALUES('0679722955','A0000002');
INSERT INTO "WRITE" VALUES('0684848155','A0000002');
INSERT INTO "WRITE" VALUES('0471286168','A0000003');
INSERT INTO "WRITE" VALUES('0471288217','A0000003');
INSERT INTO "WRITE" VALUES('0156006219','A0000004');
INSERT INTO "WRITE" VALUES('0060540753','A0000004');
INSERT INTO "WRITE" VALUES('0393318486','A0000005');
INSERT INTO "WRITE" VALUES('0060958332','A0000005');
INSERT INTO "WRITE" VALUES('0060958405','A0000005');
INSERT INTO "WRITE" VALUES('0393319407','A0000006');
INSERT INTO "WRITE" VALUES('0674016386','A0000006');
INSERT INTO "WRITE" VALUES('0446608955','A0000007');
INSERT INTO "WRITE" VALUES('0446676098','A0000007');
INSERT INTO "WRITE" VALUES('0446606812','A0000007');
INSERT INTO "WRITE" VALUES('0262521415','A0000008');
INSERT INTO "WRITE" VALUES('0262232197','A0000009');
INSERT INTO "WRITE" VALUES('0324113641','A0000009');
INSERT INTO "WRITE" VALUES('0471391123','A0000010');
INSERT INTO "WRITE" VALUES('0130998516','A0000011');
INSERT INTO "WRITE" VALUES('1565924916','A0000012');
INSERT INTO "WRITE" VALUES('0735712360','A0000013');
INSERT INTO "WRITE" VALUES('0061020656','A0000014');
INSERT INTO "WRITE" VALUES('0060855925','A0000014');
INSERT INTO "WRITE" VALUES('0471363049','A0000015');
INSERT INTO "WRITE" VALUES('0471363049','A0000016');
INSERT INTO "WRITE" VALUES('0471363049','A0000017');
INSERT INTO "WRITE" VALUES('130323519','A0000016');
INSERT INTO "WRITE" VALUES('130323519','A0000017');
INSERT INTO "WRITE" VALUES('130323519','A0000018');
INSERT INTO "WRITE" VALUES('1451648537','A0000019');
INSERT INTO "WRITE" VALUES('9780812974492','A0000020');
DROP TABLE IF EXISTS "ZIPCODE";
CREATE TABLE ZIPCODE 
( ZIP                CHAR(5)      NOT NULL,
  City                VARCHAR(30)  NOT NULL,
  State                VARCHAR(2)   NOT NULL,
  PRIMARY KEY(ZIP)
);
INSERT INTO "ZIPCODE" VALUES('17091','LEBANON','PA');
INSERT INTO "ZIPCODE" VALUES('19483','VALLEY FORGE','PA');
INSERT INTO "ZIPCODE" VALUES('19487','KING OF PRUSSIA','PA');
INSERT INTO "ZIPCODE" VALUES('21283','BALTIMORE','MD');
INSERT INTO "ZIPCODE" VALUES('22218','ARLINGTON','VA');
INSERT INTO "ZIPCODE" VALUES('37237','NASHVILLE','TN');
INSERT INTO "ZIPCODE" VALUES('58319','BREMEN','ND');
INSERT INTO "ZIPCODE" VALUES('59773','BOZEMAN','MT');
INSERT INTO "ZIPCODE" VALUES('60049','LAKE ZURICH','IL');
INSERT INTO "ZIPCODE" VALUES('76545','KILLEEN','TX');
INSERT INTO "ZIPCODE" VALUES('77298','HOUSTON','TX');
INSERT INTO "ZIPCODE" VALUES('85289','TEMPE','AZ');
INSERT INTO "ZIPCODE" VALUES('85290','APACHE JUNCTION','AZ');
INSERT INTO "ZIPCODE" VALUES('85291','VALLEY FARMS','AZ');
INSERT INTO "ZIPCODE" VALUES('89824','HALLECK','NV');
INSERT INTO "ZIPCODE" VALUES('92133','SAN DIEGO','CA');
INSERT INTO "ZIPCODE" VALUES('92194','SAN DIEGO','CA');
INSERT INTO "ZIPCODE" VALUES('94150','SAN FRANCISCO','CA');
INSERT INTO "ZIPCODE" VALUES('94152','SAN FRANCISCO','CA');
INSERT INTO "ZIPCODE" VALUES('94155','SAN FRANCISCO','CA');
INSERT INTO "ZIPCODE" VALUES('97255','PORTLAND','OR');
INSERT INTO "ZIPCODE" VALUES('97259','PORTLAND','OR');
INSERT INTO "ZIPCODE" VALUES('98184','SEATTLE','WA');
INSERT INTO "ZIPCODE" VALUES('75387','DALLAS','TX');
INSERT INTO "ZIPCODE" VALUES('77869','NAVASOTA','TX');
INSERT INTO "ZIPCODE" VALUES('78262','SAN ANTONIO','TX');
INSERT INTO "ZIPCODE" VALUES('43299','COLUMBUS','OH');
INSERT INTO "ZIPCODE" VALUES('43307','MARION','OH');
INSERT INTO "ZIPCODE" VALUES('43618','OREGON','OH');
INSERT INTO "ZIPCODE" VALUES('43789','SYCAMORE VALLEY','OH');
INSERT INTO "ZIPCODE" VALUES('44178','CLEVELAND','OH');
CREATE VIEW BOOK_RATING
AS 	SELECT B.Title, B.ISBN, AVG(R.Rating)
FROM BOOK AS B, RATE AS R
WHERE
            	B.ISBN = R.ISBN 
GROUP BY R.ISBN
ORDER BY AVG(R.Rating);
CREATE VIEW CUSTOMER_SALE
AS 	SELECT      	C_FName, C_LName, SUM(B.Price * C.O_Quantity) AS C_SUM
FROM             BOOK AS B, CONSTITUTE AS C, CUSTOMER_INFO AS U, ORDERS AS O
WHERE       	B.ISBN = C.ISBN AND O.C_Email = U.C_Email
                                 	AND C.Order_ID = O.Order_ID
GROUP BY 	U.C_Email
ORDER BY	C_SUM DESC;
CREATE VIEW INV_SHORT
AS 	SELECT B.Title, B.ISBN, S.Quantity
FROM BOOK AS B, STORE_IN AS S
WHERE
            	B.ISBN = S.ISBN 
GROUP BY S.ISBN
HAVING sum (S.Quantity) < 15;
CREATE VIEW POPULAR
AS	SELECT Title, B.ISBN,SUM(O_Quantity) AS Sum
FROM BOOK AS B, CONSTITUTE AS C
WHERE 
B.ISBN = C.ISBN
GROUP BY B.ISBN
ORDER BY Sum DESC;
CREATE INDEX AD_zip ON ADDRESS(ZIP);
CREATE INDEX AU_fnam ON AUTHOR(First_Name);
CREATE INDEX AU_lnam ON AUTHOR(Last_Name);
CREATE INDEX BO_form ON BOOK(Format);
CREATE INDEX BO_lang ON BOOK(Language);
CREATE INDEX BO_pric ON BOOK(PRICE);
CREATE INDEX BO_titl ON BOOK(TITLE);
CREATE INDEX BO_year ON BOOK(Year);
CREATE INDEX CK_cate ON CATEGORY_KEY(Category);
CREATE UNIQUE INDEX CL_cema ON C_LOCATE(C_Email);
CREATE INDEX CL_zip ON C_LOCATE(ZIP);
CREATE INDEX CO_quan ON CONSTITUTE(O_Quantity);
CREATE UNIQUE INDEX PU_addr ON PUBLISHER(P_Address);
CREATE INDEX PU_zip ON PUBLISHER(P_ZIP);
CREATE INDEX RA_rati ON RATE(Rating);
CREATE INDEX RI_adm ON RESTOCK_ID(Admin);
CREATE INDEX RI_date ON RESTOCK_ID(Date);
CREATE UNIQUE INDEX RI_isbn ON RESTOCK_ID(ISBN);
CREATE INDEX SI_quan ON STORE_IN(Quantity);
CREATE UNIQUE INDEX WA_addr ON WAREHOUSE(W_Address);
CREATE INDEX WA_zip ON WAREHOUSE(W_ZIP);
CREATE INDEX ZI_Stat ON ZIPCODE(State);
CREATE INDEX ZI_city ON ZIPCODE(City);
